Protein,Start,End,Sequence,Modification,Fragment,MaxUptake,MHP,State,Exposure,File,z,RT,Inten,Center
astex,1,23,GSSHHHHHHSSGLVPRGSHMGSV,,,21.000000,2424.123500,AT21950,0.000000,fbsjrau_1711103_HDX_astex_AT21950_01,4,3.917995,89292.000000,607.648134
astex,1,23,GSSHHHHHHSSGLVPRGSHMGSV,,,21.000000,2424.123500,AT21950,0.000000,fbsjrau_1711103_HDX_astex_AT21950_01,5,3.916897,2394778.000000,485.911414
astex,1,23,GSSHHHHHHSSGLVPRGSHMGSV,,,21.000000,2424.123500,AT21950,0.000000,fbsjrau_1711103_HDX_astex_AT21950_02,4,3.933012,478237.000000,607.115227
astex,1,23,GSSHHHHHHSSGLVPRGSHMGSV,,,21.000000,2424.123500,AT21950,0.000000,fbsjrau_1711103_HDX_astex_AT21950_02,5,3.925769,3226864.000000,485.907661
astex,1,23,GSSHHHHHHSSGLVPRGSHMGSV,,,21.000000,2424.123500,AT21950,0.000000,fbsjrau_1711103_HDX_astex_AT21950_03,4,3.937141,343806.000000,607.097515
astex,1,23,GSSHHHHHHSSGLVPRGSHMGSV,,,21.000000,2424.123500,AT21950,0.000000,fbsjrau_1711103_HDX_astex_AT21950_03,5,3.920328,2172016.000000,485.852148
astex,1,23,GSSHHHHHHSSGLVPRGSHMGSV,,,21.000000,2424.123500,AT21950,0.000000,fbsjrau_1711103_HDX_astex_AT21950_04,4,3.938566,444642.000000,607.125445
astex,1,23,GSSHHHHHHSSGLVPRGSHMGSV,,,21.000000,2424.123500,AT21950,0.000000,fbsjrau_1711103_HDX_astex_AT21950_04,5,3.924362,2315065.000000,485.852594
